"PC1","PC2","PC3","PC4","PC5","PC6","PC7","PC8","PC9","PC10","PC11","PC12","PC13","PC14","PC15","repo","developer","week","commits","lines_added","lines_deleted","files_changed","total_churn","churn_ratio","avg_lines_per_commit","avg_files_per_commit","risk_intensity","workload_intensity","refactor_signal","hour_std","is_after_hours","file_spread","commit_density","kmeans_cluster","behavior_label","hclust_cluster","month","qtr"
0.473021650037389,0.175331212834516,-2.06289257834653,-0.657986170518096,-1.4800948408363,1.54603999272469,0.547111291142944,0.324346088728615,-0.597386098165821,-0.144079851182059,0.072983703678678,0.20804440484556,0.241967985314231,0.0188555388669262,-4.44844409548047e-16,"requests","dev_requests_01",2024-01-15,9,2777,647,11,3424,0.232985235866043,380.444444444444,1.22222222222222,187.749333333333,73.2497107562669,0.188960280373832,3.29,0,2.484906649788,2.30258509299405,3,"Normal feature development",NA,2024-01-01,"2024 Q1"
0.353042401064796,-0.359346729348107,1.37753612807281,-1.24106035421932,-0.883153691849911,0.82714963356498,0.293082241730524,0.0643310888400479,-0.383056334253552,0.158799056339282,-0.109483691880521,0.078567641254947,0.151019317591869,0.0145089839514534,-3.31659887907913e-16,"requests","dev_requests_01",2024-03-18,8,1978,1204,7,3182,0.608695652173913,397.75,0.875,187.738,64.5246354182567,0.378378378378378,2.36,0,2.07944154167984,2.19722457733622,3,"Normal feature development",2,2024-03-01,"2024 Q1"
2.2017861055403,-2.9839275570229,0.00242353174061786,-0.0418476561483938,-0.803472066994063,0.553891090415754,1.18587721436594,0.354398087227261,-0.532511527639685,0.116134004205838,0.263137041303683,0.0320688848384644,0.27087725688146,0.00750381305530162,-5.05764384239697e-17,"requests","dev_requests_01",2024-04-22,10,3284,1384,2,4668,0.421437271619976,466.8,0.2,1086.088,84.4870019497094,0.296486718080548,3.49,0,1.09861228866811,2.39789527279837,2,"High-intensity burst",1,2024-04-01,"2024 Q2"
0.918324423428602,-0.0430517381351805,-0.112415661895006,-0.0207481322323023,-1.07322297327952,0.84524613709973,0.0525719848847804,0.0354954512495819,-0.354411141442702,0.067858323707291,-0.102396194738009,0.031507727047342,0.119606885513639,0.000731940009687969,-1.53515822518255e-17,"requests","dev_requests_03",2024-02-05,8,2836,1261,9,4097,0.444640338504937,512.125,1.125,303.178,66.5460346303908,0.307786185013424,3.7,0,2.30258509299405,2.19722457733622,3,"Normal feature development",NA,2024-02-01,"2024 Q1"
-0.0502354879343843,0.465087819537236,0.228247883399252,-1.50884337157433,-0.690190953176957,0.392989757654784,0.227592825332909,0.312749118451396,-0.137418445271895,0.074390260522896,-0.127829401713576,0.0015203263499296,0.0744242831957121,0.00226127230712838,-2.99028434534756e-16,"requests","dev_requests_03",2024-02-12,7,2216,1065,10,3281,0.480595667870036,468.714285714286,1.42857142857143,103.798909090909,56.6734579015503,0.324596159707406,1.74,0,2.39789527279837,2.07944154167984,3,"Normal feature development",2,2024-02-01,"2024 Q1"
0.330082851645857,0.230223142543721,0.599671452101354,-1.8281478387111,-0.803181136716732,0.595929330007859,0.398517837110684,0.228796625328467,-0.276252857181244,0.123114985792956,-0.121182764128736,0.0464393806240845,0.154532610841,0.0108839739638602,-3.73331582000768e-16,"requests","dev_requests_03",2024-02-19,8,2241,1165,9,3406,0.519857206604195,425.75,1.125,106.9484,65.0686993412877,0.342043452730476,1.57,0,2.30258509299405,2.19722457733622,3,"Normal feature development",NA,2024-02-01,"2024 Q1"
0.937929397536637,-0.0413362630997464,-0.956017406678872,-1.23849683241052,-1.09408373931135,0.907201239454146,0.468598302765575,0.134192934886142,-0.521488703807328,-0.037339961992344,-0.0523746216097028,0.0932164349820852,0.222392001437511,0.00813680243925315,-1.94890819528922e-16,"requests","dev_requests_03",2024-03-04,9,3022,1046,9,4068,0.346128391793514,452,1,200.1456,74.8003729320152,0.257128810226155,2.46,0,2.30258509299405,2.30258509299405,3,"Normal feature development",1,2024-03-01,"2024 Q1"
0.817715428805712,1.41115207933021,-0.0863225912836961,-2.12720284568542,-1.02442527722809,0.692247119678113,0.678815387683297,0.522132204816747,-0.11008119074389,0.0702763584154018,0.0818954836964056,0.0205252358206839,0.25758398643857,0.0127243162155478,-6.53648322307057e-16,"requests","dev_requests_03",2024-04-22,9,2709,1236,14,3945,0.4562569213732,438.333333333333,1.55555555555556,62.068,74.524119179243,0.313307984790875,1.18,0,2.70805020110221,2.30258509299405,3,"Normal feature development",NA,2024-04-01,"2024 Q2"
0.988222678536634,-1.37229397274721,2.34054826134589,-1.03346065836977,2.17024857567726,1.07677986183035,0.0735236960269945,-0.215352723343573,-0.230499512566075,0.214741836513841,0.100172171776952,0.0936096702909167,-0.0561928181763019,-0.00827901965022946,2.26151472370588e-16,"requests","dev_requests_03",2024-06-17,7,2228,1640,3,3868,0.736086175942549,552.571428571429,0.428571428571429,404.206,57.8252594829036,0.423991726990693,2.09,1,1.38629436111989,2.07944154167984,2,"High-intensity burst",2,2024-06-01,"2024 Q2"
0.957927674291944,1.20886186693772,-0.315649960644429,1.23379712580455,-1.12254496747736,0.642077807273765,-0.377239599647786,0.128372768582079,-0.0722266834637253,0.0251909314588129,0.0807481507766805,-0.048477193223528,0.0227916079342259,-0.00410582254089566,-1.95232832054285e-17,"requests","dev_requests_04",2024-01-01,7,3127,1399,14,4526,0.447393668052446,646.571428571429,2,290.870933333333,58.9247032320517,0.309102960671675,4.82,0,2.70805020110221,2.07944154167984,3,"Normal feature development",NA,2024-01-01,"2024 Q1"
1.01070547775025,1.0130161253893,-1.28280922956274,-2.07624786580074,-0.565305298717484,-0.158984428979313,0.27266605944599,0.272617240904073,-0.144206175783587,-0.199054121269332,-0.0196577454477543,0.00815633323681665,0.0615680021727273,-0.00572438305759876,-1.96229834845924e-17,"requests","dev_requests_04",2024-01-15,8,3708,1229,12,4937,0.331445523193096,617.125,1.5,75.9538461538462,68.037725359241,0.248936601174803,1,0,2.56494935746154,2.19722457733622,3,"Normal feature development",1,2024-01-01,"2024 Q1"
1.21983976392117,-0.293641913568099,-1.39429543117751,0.826783272255767,-1.18079889666102,0.888831763231376,-0.065155794643555,0.0170724794091146,-0.449225928893012,-0.177996589108164,-0.0735732873883366,0.0551906165165665,0.0891984955950685,-0.00552878172517654,2.28317746193086e-16,"requests","dev_requests_04",2024-01-29,8,3530,1097,9,4627,0.310764872521246,578.375,1.125,432.1618,67.5190407065085,0.237086665225848,4.67,0,2.30258509299405,2.19722457733622,3,"Normal feature development",NA,2024-01-01,"2024 Q1"
1.53730634176362,0.711525153742794,1.77367239404548,0.67274140839105,-1.08530608216254,0.695392792221257,-0.219887368105709,-0.106621229022411,-0.0202385170335247,0.250589274177215,-0.0584607292329597,0.146256006528763,0.0336375505812935,-0.00532696867223165,8.30574987725084e-17,"requests","dev_requests_04",2024-02-26,8,2753,1914,11,4667,0.695241554667635,583.375,1.375,336.801833333333,67.5878879472516,0.410113563316906,4.33,0,2.484906649788,2.19722457733622,3,"Normal feature development",2,2024-02-01,"2024 Q1"
4.14645060062462,-1.17387155204307,-2.52815051780885,-1.05464705530982,-1.48186531608483,1.00465372777457,1.43644836216882,-0.367786907553248,-1.11235408884902,-0.848705607061637,0.105306969634758,0.176934651918194,0.698563354122828,-0.0144231171506763,4.39278886474276e-16,"requests","dev_requests_04",2024-03-04,14,6173,1251,6,7424,0.202656730924996,530.285714285714,0.428571428571429,644.827428571429,124.776511491393,0.168507543103448,3.04,0,1.94591014905531,2.70805020110221,2,"High-intensity burst",1,2024-03-01,"2024 Q1"
1.73512211788209,-0.819861775860404,-1.23282843875847,-0.710794531230552,-0.452451656016923,-0.302972905796472,-0.027038978851537,-0.131463967921336,-0.399150687576018,-0.245875265565611,-0.107744608390024,0.0175521492521263,-0.00239272703655947,-0.00580619445116382,5.87509132376346e-16,"requests","dev_requests_04",2024-03-11,8,4264,1391,6,5655,0.326219512195122,706.875,0.75,423.317142857143,69.1237776606113,0.245977011494253,2.62,0,1.94591014905531,2.19722457733622,2,"High-intensity burst",NA,2024-03-01,"2024 Q1"
1.58111545555469,-0.0302514069098434,-0.404449245925132,-1.72251254550817,-0.707672102684498,0.164457518728216,0.321301739838616,-0.102088604507233,-0.393524037030959,-0.00105163140587637,-0.10378597006343,0.0447455936079379,0.129464790852031,-0.00269002628165416,1.27998133033814e-16,"requests","dev_requests_04",2024-04-15,9,3620,1496,8,5116,0.413259668508287,568.444444444444,0.888888888888889,194.408,76.8629124792458,0.292415949960907,1.71,0,2.19722457733622,2.30258509299405,3,"Normal feature development",NA,2024-04-01,"2024 Q2"
3.2493202509719,-1.53473839089545,0.33337378537884,1.47643971095047,-0.7366359117369,-0.0517001147215088,0.217624095899629,-0.0083290557193203,-0.0239850592543705,0.116893076714309,-0.215971220486478,0.0599330584533236,0.0164362389377572,-0.00203801147392907,6.42374053572048e-16,"requests","dev_requests_04",2024-06-17,9,4396,2202,5,6598,0.50090991810737,733.111111111111,0.555555555555556,1077.67333333333,79.1520606124508,0.333737496210973,4.9,0,1.79175946922805,2.30258509299405,2,"High-intensity burst",NA,2024-06-01,"2024 Q2"
-0.254914335697964,2.39406512413324,1.08994314875558,0.480728497319588,-0.470407924859364,-0.349838599889907,-0.332950440136398,0.447734366113,0.292714244253183,0.0915206329392315,0.221082173843267,-0.0225860793911834,-0.0330450384150585,-0.00545593215964464,-3.97452383029992e-16,"requests","dev_requests_05",2024-01-08,5,2184,1372,17,3556,0.628205128205128,711.2,3.4,127.225777777778,40.8833638597423,0.385826771653543,3.22,0,2.89037175789616,1.79175946922805,3,"Normal feature development",2,2024-01-01,"2024 Q1"
6.39076377937268,-2.03110397865939,-0.000939334271875407,0.876009843379902,-0.760958759794432,-0.559792418004658,1.54498485088549,-0.182476673579297,0.287593044845451,0.0112629532264886,-0.256901940291954,0.0262709286145197,0.154548632490233,-0.00968311333667365,5.68975272578993e-16,"requests","dev_requests_05",2024-01-15,13,6855,3230,4,10085,0.471188913202042,775.769230769231,0.307692307692308,1629.736,119.845746834277,0.320277640059494,4.04,0,1.6094379124341,2.63905732961526,2,"High-intensity burst",1,2024-01-01,"2024 Q1"
0.447000923603923,1.92124362618129,0.903149400487134,1.25547858256445,-0.911412316209468,0.319019064836369,-0.477733716001374,0.231951415459207,0.16311082030122,0.130646124445812,0.1812071721163,-0.0310981917587726,-0.027041623486203,-0.00534336061423535,-1.8141575345543e-16,"requests","dev_requests_05",2024-01-22,6,2518,1515,16,4033,0.601667990468626,672.166666666667,2.66666666666667,214.935176470588,49.815082311085,0.375650880238036,4.53,0,2.83321334405622,1.94591014905531,3,"Normal feature development",NA,2024-01-01,"2024 Q1"
1.56874828509502,-3.15758550204032,0.225036818316159,-0.87576818891222,0.337735065232199,-1.2156904644543,0.359162126063847,0.239189438384998,-0.137685949950726,0.105757884262625,0.520745469425869,-0.143316985615866,-0.103714285415119,-0.00482783704541678,5.14014529494047e-16,"requests","dev_requests_05",2024-01-29,7,3483,1575,1,5058,0.452196382428941,722.571428571429,0.142857142857143,945.846,59.7024688000435,0.311387900355872,1.87,0,0.693147180559945,2.07944154167984,2,"High-intensity burst",NA,2024-01-01,"2024 Q1"
1.54502441281052,-3.10939438429249,0.602728025230661,-0.4481107330894,0.667227972698515,-1.79568316309819,-0.0406176532268969,0.348820243587845,0.0779726978241168,0.143918850279712,0.47358632700693,-0.0942421027236349,-0.113005746994243,0.00356922733830112,3.76426610103512e-16,"requests","dev_requests_05",2024-02-05,6,3426,1726,1,5152,0.50379451255108,858.666666666667,0.166666666666667,1035.552,51.2840060899693,0.335015527950311,2.01,0,0.693147180559945,1.94591014905531,2,"High-intensity burst",NA,2024-02-01,"2024 Q1"
1.45792501172187,-0.672405855029089,0.159770147099743,-0.899326054336926,-0.519676391964622,-0.0634529023152804,0.0239332850394652,-0.158863439027538,-0.312524500865729,0.0903915335761793,-0.12569558371417,0.0319555384560812,0.0258813641105828,-0.00439347342730888,3.17501484249837e-16,"requests","dev_requests_05",2024-02-12,8,3386,1601,6,4987,0.472829297105729,623.375,0.75,353.364571428571,68.1183224543994,0.321034690194506,2.48,0,1.94591014905531,2.19722457733622,2,"High-intensity burst",NA,2024-02-01,"2024 Q1"
-0.813371796396942,2.77137089631299,-1.08939676151934,-0.348941566883213,0.209339950024736,-1.58525631853172,-0.214904918257333,0.729491296050934,0.161683897844911,-0.0640628441307007,0.309770734469416,0.0304906001354246,0.0270074933391018,0.00640185236046655,-5.81005126542147e-16,"requests","dev_requests_05",2024-02-19,4,2630,990,18,3620,0.376425855513308,905,4.5,63.2547368421053,32.7780220390626,0.273480662983425,1.66,0,2.94443897916644,1.6094379124341,3,"Normal feature development",2,2024-02-01,"2024 Q1"
3.21181170520132,1.8117435809349,-1.25559229330853,-1.70893707670299,-1.40642029595687,0.745490984743305,0.830965123250735,0.0176445672702437,-0.237197178883398,-0.244513523561324,0.298559988487155,-0.0234093320548258,0.439550731293552,-0.00511607980454574,-1.58309178782099e-16,"requests","dev_requests_05",2024-02-26,12,5020,1772,16,6792,0.352988047808765,566,1.33333333333333,155.816470588235,105.883775390296,0.260895170789164,1.95,0,2.83321334405622,2.56494935746154,3,"Normal feature development",NA,2024-02-01,"2024 Q1"
4.661546703013,1.73130968402049,-1.20252116465803,1.42563571605934,1.26543907105266,1.12809758366007,-0.192387402787469,-0.493382134951192,0.133368455911615,-0.326952178799015,0.082659024558445,-0.198825362006155,-0.071211971450423,0.00916619276690017,6.70071457888725e-16,"requests","dev_requests_05",2024-03-04,10,6505,2553,15,9058,0.392467332820907,905.8,1.5,551.40575,91.1151401766929,0.281850298079046,4.87,1,2.77258872223978,2.39789527279837,3,"Normal feature development",NA,2024-03-01,"2024 Q1"
1.09138187132425,2.80545724508894,0.754692199618127,-0.946589163392736,1.75823308129037,1.0442224529405,0.153233594627462,0.496487877228736,0.390489419591382,0.13046104734129,0.251607656846222,-0.0618559805120808,-0.0101438222638788,-0.00400605951866403,-3.87283172074606e-16,"requests","dev_requests_05",2024-03-18,7,2900,1726,18,4626,0.595172413793103,660.857142857143,2.57142857142857,84.2418947368421,59.077647922349,0.373108517077389,1.73,1,2.94443897916644,2.07944154167984,3,"Normal feature development",NA,2024-03-01,"2024 Q1"
1.18130133065575,1.6659635833698,-1.29483861934203,1.02895402902365,-1.0013272947652,0.274610504622418,-0.380917728883131,0.235328852615096,-0.0275698342959429,-0.180886992568006,0.21364600476234,-0.0770564958413363,-0.00728366540878079,-0.00326273509179124,6.87167473803846e-17,"requests","dev_requests_05",2024-03-25,7,3802,1334,16,5136,0.350867964229353,733.714285714286,2.28571428571429,267.072,59.8095717132709,0.259735202492212,4.42,0,2.83321334405622,2.07944154167984,3,"Normal feature development",NA,2024-03-01,"2024 Q1"
1.26398658025595,1.00750750045688,-0.346530546232583,0.90022469708083,1.42520444874813,1.69638866127176,-0.286507044786061,0.0346897394130639,-0.135734340631527,0.00701065741466918,-0.0496881802222023,-0.0278633725124698,0.0223751978616253,-0.00356323583316807,3.02841190519022e-17,"requests","dev_requests_05",2024-04-01,7,3209,1433,12,4642,0.446556559675912,663.142857142857,1.71428571428571,306.372,59.1018119161395,0.308703145196036,4.29,1,2.56494935746154,2.07944154167984,3,"Normal feature development",NA,2024-04-01,"2024 Q2"
0.00713590868988662,1.0872247625663,0.00571791771028998,0.516663031526105,-0.303530803331863,-0.5393431243343,-0.681947702103688,0.193392673505046,0.0247837318075915,0.033654209664105,-0.0565231376778116,0.0256560140587149,0.00246148463366793,2.58252394999234e-05,-5.30454328932945e-17,"requests","dev_requests_05",2024-04-15,5,2651,1279,12,3930,0.482459449264429,786,2.4,207.987692307692,41.3832456271093,0.325445292620865,3.44,0,2.56494935746154,1.79175946922805,3,"Normal feature development",NA,2024-04-01,"2024 Q2"
1.60982685830315,1.44030293432412,-1.64016555715782,-1.16258519695096,-0.626286093791563,-0.309935991493881,0.0117823177298908,0.205986002749773,-0.0656040552790618,-0.351924718312426,0.0847665568940549,-0.0495862010057365,0.0115636650881208,-0.00453369761324301,1.24775741594897e-16,"requests","dev_requests_05",2024-04-22,8,4467,1388,14,5855,0.310723080367137,731.875,1.75,150.668666666667,69.4017764451292,0.237062339880444,1.93,0,2.70805020110221,2.19722457733622,3,"Normal feature development",1,2024-04-01,"2024 Q2"
5.41370550504713,-4.89323730711518,1.30002917523063,2.65264215211176,0.098502620337952,-1.50529942611582,2.745696944926,2.44188696263623,1.46352451555326,0.219012069592936,-0.151535549841745,0.106154163272242,0.10325471758971,-0.000290542149018359,2.04720244941227e-16,"requests","dev_requests_05",2024-04-29,10,4807,2801,1,7608,0.582691907634699,760.8,0.1,3248.616,89.3708703617652,0.3681650893796,4.27,0,0.693147180559945,2.39789527279837,2,"High-intensity burst",1,2024-04-01,"2024 Q2"
4.27796902433594,1.03329282973387,0.74155893797304,0.862079648706848,-0.943145452862066,-0.202011609680068,-0.184902340467943,-0.610156627708216,0.301372824725572,0.338022963794934,-0.0859347550006564,0.0707820256633623,-0.118432377987848,0.00298072285242662,5.20783658091609e-16,"requests","dev_requests_05",2024-05-27,10,5252,3105,12,8357,0.591203351104341,835.7,1.2,561.847538461538,90.3097444300786,0.371544812731842,4.37,0,2.56494935746154,2.39789527279837,3,"Normal feature development",1,2024-05-01,"2024 Q2"
1.76206601779343,-2.27667953912177,-0.85823716966044,0.403478859596193,-0.110844720877631,-0.739620661100212,-0.00236143877354498,0.235950536623779,-0.183267109018065,-0.165408279316342,0.00999223417751697,-0.0131651688304698,-0.0416574452835527,-0.00219440742331279,6.23989107852519e-16,"requests","dev_requests_05",2024-06-03,7,4010,1415,3,5425,0.35286783042394,775,0.428571428571429,933.1,60.1927024525321,0.260829493087558,3.44,0,1.38629436111989,2.07944154167984,2,"High-intensity burst",NA,2024-06-01,"2024 Q2"
0.58357485196794,-0.566016351856104,1.1776004446595,0.731539549116332,1.7884703007888,1.52556070648734,-0.381896021293162,-0.0969656419761726,-0.181122307822892,0.121133419080578,-0.166633269022109,0.0324948824227333,-0.00161914583589904,-0.00632106887619263,1.63183777445082e-16,"requests","dev_requests_05",2024-06-10,6,2255,1359,6,3614,0.602660753880266,602.333333333333,1,420.256571428571,49.1570828075572,0.376037631433315,4.07,1,1.94591014905531,1.94591014905531,2,"High-intensity burst",2,2024-06-01,"2024 Q2"
4.60564388300747,2.35606214264121,-0.134698889144636,-0.11419904725508,-1.46150818672545,0.456058818297589,0.378812928225899,-0.436592472141942,0.264926736713003,0.118339354618373,0.359843356014269,-0.0937597096492638,0.175070261876608,-0.00740649162566938,2.15971858792179e-16,"requests","dev_requests_05",2024-06-24,12,5744,2868,18,8612,0.499303621169916,717.666666666667,1.5,325.442947368421,108.73233562547,0.33302368787738,3.59,0,2.94443897916644,2.56494935746154,3,"Normal feature development",NA,2024-06-01,"2024 Q2"
3.11307883095255,1.93766152952134,-1.6860867419479,0.580313861467159,1.30923712096358,1.34815236615287,-0.0919425410048637,-0.0729539450399844,-0.0369740593405723,-0.42639071472018,0.197304529113668,-0.157916798135081,0.0171515603158405,-0.000155603358502843,2.30139293714153e-16,"requests","dev_requests_06",2024-01-01,9,5426,1792,16,7218,0.330261702911906,802,1.77777777777778,332.877176470588,79.9602454632524,0.248268218343031,3.92,1,2.83321334405622,2.30258509299405,3,"Normal feature development",1,2024-01-01,"2024 Q1"
1.98745076928914,2.29137260390712,1.38036464397963,-1.32998413504032,1.82307147722629,0.90404183159152,0.0877406355259555,0.0994168995809915,0.346145378331617,0.25770517546626,0.0710661869196125,0.0776121542582756,-0.0395210742642885,-0.00431027215372461,-3.39049032949819e-17,"requests","dev_requests_06",2024-01-08,8,3302,2217,15,5519,0.671411265899455,689.875,1.875,102.1015,68.9290651141691,0.401703207102736,1.48,1,2.77258872223978,2.19722457733622,3,"Normal feature development",2,2024-01-01,"2024 Q1"
2.22863126544016,0.360530290180986,-1.71638300665723,0.36643063687954,-1.1162736822601,0.490799656952218,0.0207435706507219,-0.0565115940760336,-0.358724671746679,-0.386746392534761,-0.0175588010205871,-0.000918591117307258,0.098944025756541,-0.00705678449922953,4.86256696880516e-16,"requests","dev_requests_06",2024-01-15,9,4683,1382,11,6065,0.295109972240017,673.888888888889,1.22222222222222,410.398333333333,78.3940921942367,0.227864798021434,4.06,0,2.484906649788,2.30258509299405,3,"Normal feature development",NA,2024-01-01,"2024 Q1"
0.0547779616668186,0.798829472332594,-0.0919253774560483,-0.829831298026895,-0.418219229317013,-0.217499364247342,-0.195942212265081,0.26166876273654,-0.00429475605685649,0.0240688272872698,-0.110992755593049,-0.00518543200456195,-0.00166178696914444,-0.00527845597286985,-7.26883722110984e-17,"requests","dev_requests_06",2024-01-22,6,2623,1201,11,3824,0.457872664887533,637.333333333333,1.83333333333333,138.938666666667,49.4958824775638,0.314069037656904,2.18,0,2.484906649788,1.94591014905531,3,"Normal feature development",2,2024-01-01,"2024 Q1"
0.926909011866213,0.502760277276273,0.953357546239872,-0.43558779121949,-0.101558058483187,-0.854708512884129,-0.648142484908314,-0.0473055835254248,0.0704472333514629,0.153411381102146,-0.17405868518986,0.0980611824627052,-0.0650884275298873,0.000868931500209541,2.23850673165154e-16,"requests","dev_requests_06",2024-02-26,6,3033,1794,9,4827,0.591493570722057,804.5,1.5,238.4538,50.8931254933045,0.371659415786203,2.47,0,2.30258509299405,1.94591014905531,3,"Normal feature development",2,2024-02-01,"2024 Q1"
1.11831478136342,2.22810893265497,0.493460574211196,1.25807160981266,1.16730332030525,2.0116604913171,-0.205871278961862,0.223859398640948,0.10466842325946,0.121765783749134,0.243464142393885,-0.0814343728843047,0.0233619350457302,-0.00398227977245494,-2.61981460808197e-16,"requests","dev_requests_06",2024-04-08,7,2780,1556,17,4336,0.559712230215827,619.428571428571,2.42857142857143,223.063111111111,58.6245670068476,0.358856088560886,4.63,1,2.89037175789616,2.07944154167984,3,"Normal feature development",2,2024-04-01,"2024 Q2"
0.559611256186036,-2.82235813454505,0.322234312063232,-1.1069696426884,2.62945964550221,0.467619460653863,0.196161837521967,0.0644379265430177,-0.290006562233748,0.135502404566719,0.573815639567958,-0.187099190204049,-0.0862084795072069,-0.00771206277067926,2.05016691573413e-16,"requests","dev_requests_06",2024-04-22,6,2546,1177,1,3723,0.46229379418696,620.5,0.166666666666667,640.356,49.3353218303817,0.31614289551437,1.72,1,0.693147180559945,1.94591014905531,2,"High-intensity burst",NA,2024-04-01,"2024 Q2"
1.95969518285903,-1.25541322407811,-2.96349387768618,-0.837290434918031,1.64807673525976,1.4714066824012,0.519203116414706,-0.0666701758181945,-0.783692206575655,-0.76452259702583,0.0382439868956125,0.15271433321481,0.0772352708535505,-0.0151612577872769,5.65528083701609e-16,"requests","dev_requests_06",2024-05-06,9,4806,765,5,5571,0.159176029962547,619,0.555555555555556,486.534,77.6295840140973,0.137318255250404,2.62,1,1.79175946922805,2.30258509299405,2,"High-intensity burst",NA,2024-05-01,"2024 Q2"
0.614998565351721,-0.485991050305859,0.785881606735489,0.901223605877703,-0.552051090924846,0.0499622264764241,-0.589237383556576,-0.0576877948843613,-0.125906727180249,0.120297445502649,-0.174212733547892,0.0464352022392278,-0.0130358229201325,-0.00480769428622524,2.55807616615879e-16,"requests","dev_requests_06",2024-05-27,6,2612,1448,7,4060,0.554364471669219,676.666666666667,1.16666666666667,436.45,49.8551071661178,0.356650246305419,4.3,0,2.07944154167984,1.94591014905531,2,"High-intensity burst",NA,2024-05-01,"2024 Q2"
0.614457597143649,-1.25160635521313,0.209248417276137,1.53315622586692,-0.126824701177322,-0.648092144769831,-0.937504964791818,0.0548599488414865,-0.094844159377206,0.052093482026779,-0.143020279377622,0.0714216714854952,0.0236966412866012,0.00388462509306565,2.97419599362836e-16,"requests","dev_requests_06",2024-06-03,5,2841,1376,5,4217,0.484336501231961,843.4,1,655.040666666667,41.7355818051936,0.326298316338629,4.66,0,1.79175946922805,1.79175946922805,2,"High-intensity burst",NA,2024-06-01,"2024 Q2"
2.59651267314783,1.12348705544051,0.887186505816037,1.49668866576179,1.36441873469799,1.56307626407186,-0.398432704464309,-0.254112822782546,0.0690119894758021,0.23832727547737,-0.0696967256735601,0.064602059250924,-0.0415118523472169,-0.00121480760936703,3.76813577587702e-16,"requests","dev_requests_06",2024-06-17,8,3703,2243,12,5946,0.605725087766676,743.25,1.5,453.725538461538,69.5251373576528,0.377228388832829,4.96,1,2.56494935746154,2.19722457733622,3,"Normal feature development",NA,2024-06-01,"2024 Q2"
-0.655443664084168,-3.99052934781159,-1.04802777420835,1.36110601023856,-0.425846599702207,0.469719796564458,0.295891482229817,0.522888091319416,-0.134331922343753,0.0794538149461868,0.549387381137594,-0.107808504008154,-0.0825924379962481,-0.00741611440561444,4.8723295349726e-17,"requests","dev_requests_07",2024-01-08,5,1733,501,1,2234,0.289094056549336,446.8,0.2,1065.618,38.5599825352383,0.224261414503133,4.77,0,0.693147180559945,1.79175946922805,2,"High-intensity burst",1,2024-01-01,"2024 Q1"
2.16787163541789,2.19747579787188,2.1414965537862,0.354072984050732,1.02930709187925,2.21327006899614,0.125401493556299,0.032542111034029,0.188100352775579,0.296351620085002,0.218264724791382,0.172262001390901,0.0986498879389417,-0.0042783532767631,-2.67761231959735e-16,"requests","dev_requests_08",2024-01-01,9,2791,2153,16,4944,0.771408097456109,549.333333333333,1.77777777777778,224.515764705882,76.5551901965113,0.435477346278317,3.86,1,2.83321334405622,2.30258509299405,3,"Normal feature development",2,2024-01-01,"2024 Q1"
2.62624458465856,-1.4324904529103,0.287874309066931,-0.220452764807743,-0.11524371458997,-0.922107528290875,-0.0690525259565103,-0.196557474285375,-0.0823343306412965,0.105904582379646,-0.100078206735377,0.017527083741874,-0.100300641945143,0.00160338221017369,6.11870432435589e-16,"requests","dev_requests_08",2024-01-08,8,4334,2137,4,6471,0.493077988001846,808.875,0.5,735.1056,70.2019236699066,0.330242620924123,2.84,0,1.6094379124341,2.19722457733622,2,"High-intensity burst",1,2024-01-01,"2024 Q1"
2.36677366419268,-1.72487837683903,0.692516048867138,0.266790865659923,2.44157887814093,0.212476118231278,-0.0915077023984753,0.000732752577182077,0.00344473317320816,0.163649616301862,-0.0364762323038575,0.022459422427132,-0.0976846385225158,0.00266793478442259,6.25415708284822e-16,"requests","dev_requests_08",2024-01-15,7,3732,2021,3,5753,0.541532690246517,821.857142857143,0.428571428571429,877.3325,60.6035538087805,0.351294976533982,3.05,1,1.38629436111989,2.07944154167984,2,"High-intensity burst",NA,2024-01-01,"2024 Q1"
4.86774890901989,-1.77399237028632,1.42156210709853,1.23534010379275,-0.370802313785143,-0.902883117621879,0.588696895271054,-0.0943232798976887,0.50506776922711,0.450842043755676,-0.264418384761167,0.18753913571611,-0.147552038677137,0.00250004842095514,5.57915971592846e-16,"requests","dev_requests_08",2024-01-22,10,5136,3281,4,8417,0.638823987538941,841.7,0.4,1417.4228,90.3812754933052,0.389806344303196,4.21,0,1.6094379124341,2.39789527279837,2,"High-intensity burst",NA,2024-01-01,"2024 Q1"
2.10313139224902,1.60575099028244,0.0939376705365395,-0.723383266450768,1.74851362439858,1.00637362737331,-0.0502917279508574,-0.0257057143485089,0.0727532732970374,0.080429391758606,-0.0295377556246257,-0.0177471649339385,-0.0108104056549582,-0.00138907658019516,1.1947821026619e-16,"requests","dev_requests_08",2024-01-29,8,3847,1951,13,5798,0.507148427345984,724.75,1.625,190.505714285714,69.3235261430115,0.336495343221801,2.3,1,2.63905732961526,2.19722457733622,3,"Normal feature development",NA,2024-01-01,"2024 Q1"
2.53041304244598,0.437051936289157,-0.228361938718897,0.0609831695851278,-0.0192581940156494,-1.39163716017978,-0.823819730968608,-0.274833041585534,0.0602188056703061,-0.0099027345447352,-0.190466193003141,0.0369329080969339,-0.150948437443459,0.0195225929390425,4.47373624895576e-16,"requests","dev_requests_08",2024-02-05,7,4783,2237,9,7020,0.467698097428392,1002.85714285714,1.28571428571429,414.18,61.9966265591207,0.318660968660969,2.95,0,2.30258509299405,2.07944154167984,3,"Normal feature development",NA,2024-02-01,"2024 Q1"
1.96564265434467,0.187792489330895,-0.165850370160002,1.57122791051047,1.62111820711408,1.31162311393697,-0.521361026412878,-0.139683823077215,-0.139081494158359,0.0203940880481405,-0.181238676624099,0.0159199291693994,-0.0219494447045952,0.000837718258165235,4.33007974421902e-16,"requests","dev_requests_08",2024-03-11,7,3704,1729,9,5433,0.466792656587473,776.142857142857,1.28571428571429,536.7804,60.203015529904,0.318240382845573,4.94,1,2.30258509299405,2.07944154167984,3,"Normal feature development",NA,2024-03-01,"2024 Q1"
4.77676343801246,2.72032881754781,0.605375599742405,-1.85713480998426,1.72760868853112,0.46097406574254,0.289821154952853,-0.694384313426956,0.520986718969227,0.366380393918082,0.146029592025641,-0.00760505452367067,-0.117939967379027,0.0010271455313899,5.06798592204318e-16,"requests","dev_requests_08",2024-03-18,11,5733,3416,16,9149,0.595848595848596,831.727272727273,1.45454545454545,118.398823529412,100.336600740965,0.373374139250191,1.1,1,2.83321334405622,2.484906649788,3,"Normal feature development",1,2024-03-01,"2024 Q1"
0.417653063354483,1.22249667639291,-0.512345807077762,0.0747772936804437,0.0400416722081465,-1.23810333686709,-0.851908272361003,0.203887372971652,0.021298756400923,-0.0427507322104296,-0.0529677947195084,0.0675388884907176,0.00143714246899584,0.0104036600023719,6.27919307590069e-18,"requests","dev_requests_08",2024-04-01,5,3257,1406,12,4663,0.431685600245625,932.6,2.4,195.128615384615,42.2381436401516,0.30152262491958,2.72,0,2.56494935746154,1.79175946922805,3,"Normal feature development",NA,2024-04-01,"2024 Q2"
5.74193555210975,1.24047215853436,-0.927400132603634,-0.297514569095995,-1.24867664171087,-0.0179840968796729,0.550860846993905,-0.911551150059048,0.0317281891163185,-0.272473479198499,0.0331942333673939,-0.14551837573381,0.148218672076273,-0.0091665781069366,6.6868156876173e-16,"requests","dev_requests_08",2024-04-15,13,7335,2997,13,10332,0.408588957055215,794.769230769231,1,504.792,120.160273170787,0.29006968641115,3.42,0,2.63905732961526,2.63905732961526,3,"Normal feature development",1,2024-04-01,"2024 Q2"
2.41570827115094,1.61156367655098,-0.522179429347489,0.867169547345864,-0.893748537594829,-0.0858159881826131,-0.436788785301763,-0.0555058977598937,0.104519086197976,-0.0449543820757182,0.112462199593024,-0.0790266929804731,-0.0491141640666138,0.00313190597662271,3.30338892763725e-16,"requests","dev_requests_08",2024-04-22,8,4525,2005,15,6530,0.443093922651934,816.25,1.875,345.27375,70.2745227992213,0.307044410413476,4.23,0,2.77258872223978,2.19722457733622,3,"Normal feature development",1,2024-04-01,"2024 Q2"
4.28271332838756,2.53688086381285,-0.0671442231578,1.16922411518195,1.11197609657528,1.43532627638432,-0.126342999324188,-0.384194938124578,0.360791331808165,0.138582002280024,0.29403695432344,-0.125603233236596,-0.0515953551092414,0.00328262465207696,1.12287628182092e-16,"requests","dev_requests_08",2024-04-29,10,5428,2824,18,8252,0.520265291083272,825.2,1.8,401.307789473684,90.1833204959268,0.342220067862336,4.62,1,2.94443897916644,2.39789527279837,3,"Normal feature development",NA,2024-04-01,"2024 Q2"
8.36465650255976,-1.91192935489604,-0.900055752503355,2.12574359533414,-0.48273861770567,-1.59238883506894,1.51389589694335,-0.173775361201123,0.924271068427351,-0.548579270272977,-0.553624930281245,-0.222961720543268,-0.162856288382381,0.0184889264827807,1.35904902282204e-15,"requests","dev_requests_08",2024-05-06,13,9494,3836,5,13330,0.404044659785127,1025.38461538462,0.384615384615385,2141.68666666667,123.472016578478,0.287771942985746,4.82,0,1.79175946922805,2.63905732961526,2,"High-intensity burst",1,2024-05-01,"2024 Q2"
1.80978429213249,2.10644153053513,0.32290581132545,0.296837960531622,-0.549884403747586,-0.565787031565532,-0.527827032847617,0.0919892227326219,0.297657332975688,0.134623067803388,0.150662615034812,-0.0243335602298431,-0.0962072782711276,0.00528305188746367,1.75648942892037e-16,"requests","dev_requests_08",2024-05-13,7,3845,2090,16,5935,0.543563068920676,847.857142857143,2.28571428571429,229.021176470588,60.8215354939305,0.352148272957035,3.28,0,2.83321334405622,2.07944154167984,3,"Normal feature development",NA,2024-05-01,"2024 Q2"
1.03047718379588,2.24548481846429,-0.998367344042338,1.81569395219197,-0.810147452225873,-0.160212101918794,-0.723783653317613,0.261528943445495,0.0811638817663745,-0.099641242126969,0.345342117800061,-0.0925525774211988,-0.0477084379007181,0.00472399390671524,-7.33761158985286e-17,"requests","dev_requests_08",2024-05-27,6,3703,1463,18,5166,0.395085066162571,861,3,270.807157894737,51.3002851697231,0.28319783197832,4.98,0,2.94443897916644,1.94591014905531,3,"Normal feature development",NA,2024-05-01,"2024 Q2"
2.37591823121648,1.92687582879387,0.32638622398675,-0.401651538262568,-0.574235103246901,-0.557413024222611,-0.310961222377009,-0.0512224602952471,0.289466000063701,0.150801647928532,0.0856545004937997,-0.019260151976833,-0.0923497829565374,0.00335242527167338,2.75446500096162e-16,"requests","dev_requests_08",2024-06-03,8,4246,2297,15,6543,0.540979745642958,817.875,1.875,215.919,70.2904310262607,0.351062203882011,2.64,0,2.77258872223978,2.19722457733622,3,"Normal feature development",NA,2024-06-01,"2024 Q2"
1.9943867630538,2.46782495148138,-1.57510829958524,-1.12174384966738,-0.99669753629842,0.111459696069935,0.313806616024101,0.428636649095878,0.130526449209529,-0.315778244952059,0.422137559798476,-0.146053579213533,0.098316175652247,-0.00541180929519811,-2.07374588577897e-16,"requests","dev_requests_08",2024-06-10,9,4584,1506,19,6090,0.328534031413613,676.666666666667,2.11111111111111,124.236,78.4311079575284,0.247290640394089,2.04,0,2.99573227355399,2.30258509299405,3,"Normal feature development",NA,2024-06-01,"2024 Q2"
2.51447989579832,2.68119683782023,0.249629633342255,0.593448687780762,-0.868121047257476,-0.250485183868176,-0.386554782086378,0.068276023861128,0.429449163879346,0.164680735576695,0.370039797987096,-0.0953115527569461,-0.100184969483061,0.00453885935515982,1.57502566375015e-16,"requests","dev_requests_08",2024-06-24,8,4308,2351,19,6659,0.545728876508821,832.375,2.375,249.0466,70.4309981082755,0.353056014416579,3.74,0,2.99573227355399,2.19722457733622,3,"Normal feature development",NA,2024-06-01,"2024 Q2"
2.31362496504003,-0.652344090700865,-1.1746198537089,-0.103974155763764,1.91031537557787,0.910446177004524,-0.0261779542140354,-0.17182312900204,-0.354333805634235,-0.251645357471868,-0.152802678206556,-0.00593319154296469,-0.011999527733654,-0.0029154385253825,6.18811466808788e-16,"flask","dev_flask_01",2024-01-01,8,4488,1543,6,6031,0.343805704099822,753.875,0.75,534.174285714286,69.6386712775023,0.255844801857072,3.1,1,1.94591014905531,2.19722457733622,2,"High-intensity burst",2,2024-01-01,"2024 Q1"
0.945093174803913,-1.01875721156764,1.09176350546308,-1.9043282563736,0.0222558391665125,-0.74146067780464,-0.173146647006556,-0.291157785736566,-0.247165607536287,0.203658618201562,-0.0055700656222697,0.0304995887933288,-0.0768880235175989,-0.00601930372584888,3.98741512984112e-16,"flask","dev_flask_01",2024-01-15,7,2935,1691,4,4626,0.576149914821124,660.857142857143,0.571428571428571,214.6464,59.077647922349,0.365542585386943,1.16,0,1.6094379124341,2.07944154167984,2,"High-intensity burst",NA,2024-01-01,"2024 Q1"
1.34263238970862,0.57474627462945,0.115946629872021,0.190894407011547,2.1992473402786,0.463783059177168,-0.664857994617975,-0.0790263479754339,-0.0380871402792252,0.0527098559922734,-0.187140565128803,0.0503121956277564,-0.044690220340272,0.00518852851980686,3.11030771073937e-16,"flask","dev_flask_01",2024-01-29,6,3401,1704,9,5105,0.501029109085563,850.833333333333,1.5,312.426,51.2290295868086,0.333790401567091,3.06,1,2.30258509299405,1.94591014905531,3,"Normal feature development",2,2024-01-01,"2024 Q1"
0.662014921782869,-0.818361586837353,0.260094874567693,1.50951291216915,-0.134860331996063,-0.704829814175166,-1.03328440311282,0.00442453591243095,-0.0896611314967393,0.0597249115626293,-0.171869992782111,0.0904820357969263,0.0207495401982134,0.00593134308036812,3.19883137812321e-16,"flask","dev_flask_01",2024-02-05,5,2908,1446,6,4354,0.497248968363136,870.8,1.2,574.728,41.895399446433,0.33210840606339,4.62,0,1.94591014905531,1.79175946922805,2,"High-intensity burst",2,2024-02-01,"2024 Q1"
2.95181142221979,-3.40649071187055,0.00340728336302061,-0.330897437993,0.40703150928039,-1.62727382206551,0.764423308968488,0.512577317366335,0.133874736941496,0.00897166780533848,0.396659852245327,-0.133955514566837,-0.115006540144579,0.000986493050611044,4.90380976013316e-16,"flask","dev_flask_01",2024-02-12,8,4559,1989,1,6548,0.436279885939899,818.5,0.125,1394.724,70.2965411617444,0.303756872327428,2.13,0,0.693147180559945,2.19722457733622,2,"High-intensity burst",NA,2024-02-01,"2024 Q1"
2.0123042888286,1.6656046148089,-0.832425371540956,0.262940355509809,-1.30472540765101,0.724854235750603,0.0702834904848797,0.148230471864591,-0.0615641604731762,-0.0861295261223721,0.226685620093699,-0.0757705802052329,0.12956815445597,-0.00379124977751098,9.2971109868146e-17,"flask","dev_flask_01",2024-02-19,9,4039,1606,16,5645,0.397623174052983,627.222222222222,1.77777777777778,258.341764705882,77.7483234793209,0.284499557130204,3.89,0,2.83321334405622,2.30258509299405,3,"Normal feature development",NA,2024-02-01,"2024 Q1"
-0.0361486510900253,0.750611552358382,-0.469149460074969,-0.0759339050295126,2.13818594845059,0.782990938489679,-0.450737798023597,0.163967267500239,-0.0724198959394655,-0.0242780054132956,-0.149465853737577,0.0190568804969839,0.011835872721972,-0.00297703237252568,-4.84880646742766e-17,"flask","dev_flask_01",2024-03-04,5,2556,1083,10,3639,0.423708920187793,727.8,2,181.288363636364,40.9986948031539,0.297609233305853,2.74,1,2.39789527279837,1.79175946922805,3,"Normal feature development",2,2024-03-01,"2024 Q1"
-0.1550856427738,-1.83419559298055,0.284394239184906,0.293501038116896,2.17753061148007,1.15857896404665,-0.313844096229805,0.0114754089889255,-0.219988570225878,0.0752790685597846,0.0537966079522268,-0.0780777736667661,-0.00677965861073966,-0.0071675967920995,1.31145432681041e-16,"flask","dev_flask_01",2024-03-11,5,2019,953,3,2972,0.472015849430411,594.4,0.6,511.184,39.9866341149905,0.320659488559892,3.44,1,1.38629436111989,1.79175946922805,2,"High-intensity burst",NA,2024-03-01,"2024 Q1"
0.516141600407551,0.665275013342523,-0.282236780041948,0.330357901299311,0.0388893806881253,-1.16828453876883,-0.971983816561415,0.0878833824393025,-0.0323039836352098,-0.0104474590415969,-0.128491006794444,0.0886860106893693,0.00664093290083866,0.0105031178191175,1.46787697003739e-16,"flask","dev_flask_01",2024-03-25,5,3206,1449,10,4655,0.451965065502183,931,2,262.372727272727,42.2295599470564,0.311278195488722,3.1,0,2.39789527279837,1.79175946922805,3,"Normal feature development",NA,2024-03-01,"2024 Q1"
-0.0192679668524404,1.24187763658328,0.846680690958436,0.0636630300784429,-0.195235693290467,-0.673350140443342,-0.61572518213126,0.205703361572231,0.132222492539489,0.0888191608603885,-0.0721896022578115,0.0547771818427543,-0.0102239568431589,-0.00158811438649567,-8.85031351071674e-17,"flask","dev_flask_01",2024-04-08,5,2427,1418,12,3845,0.584260403790688,769,2.4,169.18,41.2739446307436,0.368790637191157,2.86,0,2.56494935746154,1.79175946922805,3,"Normal feature development",NA,2024-04-01,"2024 Q2"
2.03288578161797,2.12721005351437,-2.44584105833006,1.48567347786653,-0.78137813326004,-0.438796212220558,-0.701968929680059,0.206202790428821,-0.0205426469282707,-0.647944658565908,0.379533421331663,-0.12217443137961,-0.0764828223623876,0.00972373079968095,2.09782993801784e-16,"flask","dev_flask_01",2024-04-15,7,5332,1372,18,6704,0.257314328582146,957.714285714286,2.57142857142857,328.848842105263,61.6742615700105,0.204653937947494,4.66,0,2.94443897916644,2.07944154167984,3,"Normal feature development",1,2024-04-01,"2024 Q2"
1.93659952722342,-0.447661227551004,-1.50957613549479,0.750779709839718,1.91744464593045,0.870265582532004,-0.377999835837032,-0.06016556536409,-0.302640189672215,-0.328612355222395,-0.173327836009456,0.0207701480930879,-0.0297372810894794,0.000429387524762453,5.43597236593256e-16,"flask","dev_flask_01",2024-04-22,7,4359,1373,7,5732,0.314980500114705,818.857142857143,1,563.169,60.5779596303587,0.239532449406839,3.93,1,2.07944154167984,2.07944154167984,2,"High-intensity burst",NA,2024-04-01,"2024 Q2"
-0.185598289584414,2.47592700024094,0.459286555346056,1.25127849394186,-0.659425764548155,-0.128923551875746,-0.436854127117379,0.412787444862303,0.204978756716201,0.0862328287617234,0.313851552771358,-0.0746286435008565,-0.0279808075730274,-0.00364743507942496,-3.7732347698233e-16,"flask","dev_flask_01",2024-04-29,5,2354,1302,18,3656,0.553101104502974,731.2,3.6,160.094315789474,41.0219920907469,0.356126914660832,4.16,0,2.94443897916644,1.79175946922805,3,"Normal feature development",NA,2024-04-01,"2024 Q2"
1.4108306691637,-0.365467465895203,0.172360354271999,-0.680089402760127,0.282515557647505,-1.51090674876248,-0.83661805721999,-0.190172789907619,-0.0653573132782697,0.0648866956786315,-0.165433606304065,0.0768666021205927,-0.0910115573725841,0.0114799553723262,6.22497359454755e-16,"flask","dev_flask_01",2024-05-13,6,3765,1856,6,5621,0.492961487383798,936.833333333333,1,335.654,51.8066565087989,0.330190357587618,2.09,0,1.94591014905531,1.94591014905531,3,"Normal feature development",NA,2024-05-01,"2024 Q2"
0.819588159993216,1.43805397755085,-0.963888509433865,0.552017158517183,-0.49882946912934,-0.456343284983946,-0.594432953373201,0.218230053959731,0.00804575898416545,-0.120299666250882,0.0623512515998741,-0.0189703180027552,-0.0325556888648375,0.00209454411945632,9.44045395650327e-17,"flask","dev_flask_01",2024-05-20,6,3579,1374,14,4953,0.383906119027661,825.5,2.33333333333333,236.4232,51.0477036602958,0.27740763173834,3.58,0,2.70805020110221,1.94591014905531,3,"Normal feature development",1,2024-05-01,"2024 Q2"
1.02996409168545,0.520241591116675,1.77706164181132,1.58421278024921,-0.64360258649648,-0.0109198046934432,-0.837685480666941,-0.127445933337696,0.0825146870450811,0.203398620245352,-0.121992938159931,0.160101576416871,-0.0655799068134703,-0.00416544622801372,2.7154404160427e-16,"flask","dev_flask_01",2024-05-27,6,2648,1860,10,4508,0.702416918429003,751.333333333333,1.66666666666667,405.72,50.4829840705265,0.412599822537711,4.95,0,2.39789527279837,1.94591014905531,3,"Normal feature development",2,2024-05-01,"2024 Q2"
4.01870508129124,-0.857538053946645,-0.205710487039522,0.271144030207272,-0.602586085477483,-0.492561145132546,0.252681349213927,-0.402239331951297,-0.0651943903459545,-0.0199316535530391,-0.212013889612899,0.000622193914888726,-0.027093815052673,-0.000201621946777615,8.85149435884459e-16,"flask","dev_flask_01",2024-06-03,10,5516,2496,6,8012,0.452501812907904,801.2,0.6,828.669714285714,89.8882050177807,0.311532700948577,3.62,0,1.94591014905531,2.39789527279837,2,"High-intensity burst",NA,2024-06-01,"2024 Q2"
0.636909474977665,1.21821036457997,-0.996066525173181,-2.08737983709216,1.22588384122969,2.28761424701748,0.88708225028864,0.564938509528621,-0.313012397784591,-0.00832571675563555,0.0471880661776923,0.0686028279688785,0.294036341906208,0.0247824910480144,-8.10976081326579e-16,"flask","dev_flask_02",2024-04-01,9,2507,885,13,3392,0.35301156761069,376.888888888889,1.44444444444444,60.0868571428571,73.1652278830581,0.260908018867925,1.24,1,2.63905732961526,2.30258509299405,3,"Normal feature development",NA,2024-04-01,"2024 Q2"
2.50250517398169,-3.20775292925907,0.914417221846629,1.93195833861754,-0.0466378739043083,-0.865443425228146,0.459215571218132,0.887521377368529,0.403451297189803,0.148429369768574,-0.01971656943246,0.0308375276894144,-0.0235844076485689,0.000540325993319346,3.25378162114842e-16,"flask","dev_flask_03",2024-01-08,7,3525,1929,2,5454,0.547234042553192,779.142857142857,0.285714285714286,1676.196,60.2300152878702,0.353685368536854,4.61,0,1.09861228866811,2.07944154167984,2,"High-intensity burst",NA,2024-01-01,"2024 Q1"
3.72260273576027,-0.504325263902613,0.121807418138509,-0.431096408540091,-0.177086646985467,-1.1620345347572,-0.160124761117382,-0.563605387544921,0.0301035018569708,0.092226991335983,-0.206492463639905,0.0123192310628036,-0.175050340058978,0.00897571685180336,8.11023541023403e-16,"flask","dev_flask_03",2024-01-15,9,5415,2680,6,8095,0.494921514312096,899.444444444444,0.666666666666667,612.907142857143,80.9921285237452,0.331068560840025,2.65,0,1.94591014905531,2.30258509299405,2,"High-intensity burst",NA,2024-01-01,"2024 Q1"
4.38297627738814,-0.165233899275877,-0.422625836257018,-1.11065351433053,2.13344003373812,0.144981438797445,0.145044118296971,-0.8323654004291,-0.143744131785577,-0.0776442360676759,-0.176781784205312,-0.0651630372814404,-0.138149473346604,0.0054460617050921,1.1453647459125e-15,"flask","dev_flask_03",2024-01-22,10,6078,2692,6,8770,0.44290885159592,877,0.6,486.108571428571,90.7920610395138,0.306955530216648,1.94,1,1.94591014905531,2.39789527279837,2,"High-intensity burst",NA,2024-01-01,"2024 Q1"
4.25891443634768,-0.983450792483669,-1.13947084444824,0.437544057184418,-0.546501785536828,-0.68528095709698,0.2554217803786,-0.335074630873031,-0.124352659424895,-0.409355908325822,-0.217717394146573,-0.0776523173510672,-0.0374351730857349,0.00262588048387927,8.41276640935035e-16,"flask","dev_flask_03",2024-01-29,10,6333,2261,6,8594,0.357018790462656,859.4,0.6,913.419428571429,90.5893591781695,0.263090528275541,3.72,0,1.94591014905531,2.39789527279837,2,"High-intensity burst",NA,2024-01-01,"2024 Q1"
1.85841300314788,-1.9306464325343,-0.743838916867928,1.77411363785709,-0.0262276719732955,-1.03421296083664,-0.585397646743349,0.317105789923902,-0.020844858915887,-0.160668368484779,-0.148231154948409,0.0540466620994486,-0.0203962360262312,0.0109258336383522,5.2646247032659e-16,"flask","dev_flask_03",2024-02-05,6,4068,1545,4,5613,0.379793510324484,935.5,0.666666666666667,1057.4892,51.798112541531,0.275253874933191,4.71,0,1.6094379124341,1.94591014905531,2,"High-intensity burst",1,2024-02-01,"2024 Q1"
1.68086853545899,-1.59026604565422,-0.33786169155534,0.700700217621428,0.157271637281504,-1.27842983604582,-0.657370242057645,0.0988906359586623,-0.060749458364069,-0.0538155347604812,-0.110279689219541,0.0449932737597813,-0.053376989951685,0.0108462759013005,5.20069830753566e-16,"flask","dev_flask_03",2024-02-12,6,3927,1666,4,5593,0.424242424242424,932.166666666667,0.666666666666667,796.4432,51.7766992425714,0.297872340425532,3.56,0,1.6094379124341,1.94591014905531,2,"High-intensity burst",NA,2024-02-01,"2024 Q1"
3.89978345257734,-0.850410379501079,0.748361085395389,-1.43205709281672,0.227036684887454,-1.75081408920606,-0.204278055986157,-0.888287309520638,0.0375039946699417,0.310939202748627,-0.065426306579198,0.0367092196399342,-0.301687862300631,0.0121261916241188,1.0551136378502e-15,"flask","dev_flask_03",2024-02-19,9,5424,3051,4,8475,0.5625,941.666666666667,0.444444444444444,498.33,81.4049452744937,0.36,1.47,0,1.6094379124341,2.30258509299405,2,"High-intensity burst",NA,2024-02-01,"2024 Q1"
3.37365758063592,0.789770997699167,-0.182153989630539,-0.961260090627193,-0.341083268525487,-0.981391102781283,-0.244140972284613,-0.517160883574023,0.0639739535504818,0.0163309236328024,-0.144892993181945,-0.0224679537204675,-0.136964363937798,0.00736840362492085,6.51052196743606e-16,"flask","dev_flask_03",2024-02-26,9,5368,2542,10,7910,0.47354694485842,878.888888888889,1.11111111111111,307.770909090909,80.7840852751926,0.321365360303413,2.14,0,2.39789527279837,2.30258509299405,3,"Normal feature development",NA,2024-02-01,"2024 Q1"
1.49260070205438,-2.97656449277287,-0.341648993104351,1.07926576904871,0.152440546417146,-1.05780283804173,-0.0143743093637665,0.620357780408117,0.0761643086995594,-0.0524583330046875,0.107560838302747,-0.0240622044338967,-0.0211598439461533,0.00124052767236915,3.35818217025691e-16,"flask","dev_flask_03",2024-03-11,6,3492,1401,2,4893,0.401202749140893,815.5,0.333333333333333,1246.084,50.9745914640157,0.28632740649908,3.82,0,1.09861228866811,1.94591014905531,2,"High-intensity burst",NA,2024-03-01,"2024 Q1"
2.77627806362144,0.909902582632074,-1.39559015897431,0.499747291696838,-0.56952208478556,-0.644492034503242,-0.511535969682623,-0.172677574407844,-0.0523107778346548,-0.375064719878213,-0.0484628301145231,-0.0761537774033253,-0.0856588055814476,0.00928181916149274,4.85357946287331e-16,"flask","dev_flask_03",2024-03-18,8,5427,1886,12,7313,0.347521651004238,914.125,1.5,418.528615384615,71.1803647896746,0.257896895938739,3.72,0,2.56494935746154,2.19722457733622,3,"Normal feature development",NA,2024-03-01,"2024 Q1"
2.14763582633982,-0.817673714004416,-0.104795113288513,1.52623811404707,0.0489676827788588,-1.33326251230761,-1.0045059973859,-0.0105444582289475,0.031076888047427,0.00080058282998772,-0.22705000615709,0.0999376229748771,-0.0678590245550162,0.0215462343002813,6.18355756632219e-16,"flask","dev_flask_03",2024-04-08,6,4216,1976,6,6192,0.468690702087287,1032,1,783.730285714286,52.3870494056284,0.319121447028424,4.43,0,1.94591014905531,1.94591014905531,2,"High-intensity burst",1,2024-04-01,"2024 Q2"
8.43061817150816,2.13537885788215,-0.695316439156304,0.954214463168505,0.785275236582284,1.21574145582456,0.783553114654039,-1.55551043187581,0.577923418853824,-0.0901900794997807,0.126682455770093,-0.263221224623649,0.0307924446023149,-0.00800375732736078,6.70399013501177e-16,"flask","dev_flask_03",2024-04-15,15,9129,4279,16,13408,0.468726037901194,893.866666666667,1.06666666666667,744.538352941176,142.555221034195,0.319137828162291,4.72,1,2.83321334405622,2.77258872223978,3,"Normal feature development",1,2024-04-01,"2024 Q2"
2.55012163998457,1.64843607782057,-0.745638572312879,-0.250791255695247,-0.952645477938757,0.0432509470860981,-0.0307466357972585,-0.0228292727278634,0.0419403207163038,-0.110339208321301,0.130248857219116,-0.0863546392879562,0.0357181985109144,-0.00224361357755441,2.23194375254416e-16,"flask","dev_flask_03",2024-04-29,9,4674,1932,15,6606,0.413350449293967,734,1.66666666666667,257.634,79.162964748269,0.292461398728429,3.12,0,2.77258872223978,2.30258509299405,3,"Normal feature development",NA,2024-04-01,"2024 Q2"
4.4144052548045,-2.23463754532509,-1.02121171692904,-1.35556274248091,0.234518629563149,-1.78072823534981,0.534157613360395,-0.553870407632549,-0.240005924059511,-0.405258648438416,0.22796493946156,-0.218891223721771,-0.187638483346214,0.00544738686966198,1.15669416932633e-15,"flask","dev_flask_03",2024-05-13,10,6754,2384,2,9138,0.352976014213799,913.8,0.2,901.616,91.203062492722,0.260888597067192,1.48,0,1.09861228866811,2.39789527279837,2,"High-intensity burst",NA,2024-05-01,"2024 Q2"
1.86612283325373,-0.143902925191411,0.278083218236346,-0.556564325287707,-0.0736083754776591,-1.01385458449708,-0.543963298537997,-0.241871811311789,-0.0472933656239782,0.0975228976372279,-0.188853525808192,0.0542759534348563,-0.104080008433678,0.00500214020579275,4.8788667891948e-16,"flask","dev_flask_03",2024-05-20,7,3954,2004,7,5958,0.506828528072838,851.142857142857,1,363.438,60.8486057252289,0.336354481369587,2.44,0,2.07944154167984,2.07944154167984,3,"Normal feature development",NA,2024-05-01,"2024 Q2"
1.57656949836908,-2.45642834386639,0.203458917205251,1.88355586092926,-0.125685628586512,-0.683917509035365,-0.286707227015764,0.450478748287187,0.0824461303532415,0.0430685696732783,-0.0725709121855139,0.0254676306030861,-0.00852123296001027,0.00220780585087042,4.15819607253636e-16,"flask","dev_flask_03",2024-05-27,6,3315,1563,3,4878,0.471493212669683,813,0.5,1187.793,50.956173358895,0.320418204182042,4.87,0,1.38629436111989,1.94591014905531,2,"High-intensity burst",1,2024-05-01,"2024 Q2"
5.99196716059514,2.52955050506082,0.187443866771264,-0.489013786724707,-0.936645908777288,-0.716899724213378,0.123168559659235,-1.02728667987746,0.692376302435304,0.2998863831816,0.207428011280417,-0.113957922370441,-0.20170776472964,0.00719899340650214,9.35496001412805e-16,"flask","dev_flask_03",2024-06-03,12,7091,3923,17,11014,0.553236496967988,917.833333333333,1.41666666666667,348.776666666667,111.684159110837,0.356183039767569,2.85,0,2.89037175789616,2.56494935746154,3,"Normal feature development",NA,2024-06-01,"2024 Q2"
0.988963466032106,0.491287789643678,0.658169239453299,-1.4635581984177,-0.260347978433146,-0.538559496119682,-0.199529051629341,-0.0183545367992827,-0.0203073451640926,0.130037318993156,-0.163950470450112,0.0496510828169963,-0.0327132786240957,-0.00392992432474237,1.84711260367925e-16,"flask","dev_flask_03",2024-06-10,7,3100,1695,9,4795,0.546774193548387,685,1.28571428571429,147.686,59.3287626130318,0.353493222106361,1.54,0,2.30258509299405,2.07944154167984,3,"Normal feature development",NA,2024-06-01,"2024 Q2"
2.98162527831778,0.703252154525374,-0.625563030567116,1.2760622877268,2.10883927474361,0.17822544926254,-0.843695902677802,-0.250329369767046,0.0315931129294787,-0.11085164130709,-0.186977425458334,0.0044977940048996,-0.127598663653556,0.0226252845365257,6.27749502904712e-16,"flask","dev_flask_03",2024-06-17,7,5003,2186,10,7189,0.436937837297621,1027,1.42857142857143,550.285272727273,62.1631251550057,0.304075671164279,4.21,1,2.39789527279837,2.07944154167984,3,"Normal feature development",1,2024-06-01,"2024 Q2"
3.87262019113672,0.787945422061778,1.18522175040187,0.318947883005007,1.43072356064085,1.33823865335544,0.096020398678844,-0.563266803396884,0.093923409134245,0.385251264781295,-0.145203943753102,0.151815504634238,-0.0156291279051067,-0.00397550412665977,5.82234736352187e-16,"flask","dev_flask_03",2024-06-24,10,4442,2836,10,7278,0.638451148131472,727.8,1,497.550545454545,88.9274876911826,0.389667491068975,3.76,1,2.39789527279837,2.39789527279837,3,"Normal feature development",NA,2024-06-01,"2024 Q2"
0.532778794721278,0.691264462504102,-1.11727860365963,0.225331384697896,-0.97565747962808,0.564462349515211,-0.132754020144763,0.210746905322928,-0.203817156091948,-0.0981666325593657,-0.00683933526891885,0.00278651803250225,0.0364919863697167,-0.00565114919200478,2.57351846605768e-18,"flask","dev_flask_04",2024-01-01,7,3073,1065,12,4138,0.346566872762773,591.142857142857,1.71428571428571,237.457538461538,58.2974664422411,0.257370710488159,3.73,0,2.56494935746154,2.07944154167984,3,"Normal feature development",NA,2024-01-01,"2024 Q1"
2.70558078772992,1.03478997977057,-0.239339927415734,-0.390462726251271,-0.784652628466191,-0.15166952423888,-0.0809466144465692,-0.215736194020829,-0.00692881673648575,0.0131226019786692,-0.0445478504864926,-0.0217119280595583,0.00249060509298312,-0.00143999844725629,5.28913333095531e-16,"flask","dev_flask_04",2024-01-08,9,4595,2125,12,6720,0.462459194776931,746.666666666667,1.33333333333333,307.052307692308,79.3169300877297,0.316220238095238,2.97,0,2.56494935746154,2.30258509299405,3,"Normal feature development",NA,2024-01-01,"2024 Q1"
3.73330988072228,-2.36565574468486,-0.38249382196348,-1.22979720260864,-0.0239490212625626,-1.14690179974068,0.742398460973968,-0.321323021649275,-0.269330057456401,-0.0863955338022941,0.232993339283437,-0.115175497225603,-0.0597593467363581,-0.00449478152498575,8.65121709438834e-16,"flask","dev_flask_04",2024-03-04,10,5493,2237,2,7730,0.40724558529037,773,0.2,912.14,89.5299349932047,0.289391979301423,1.77,0,1.09861228866811,2.39789527279837,2,"High-intensity burst",NA,2024-03-01,"2024 Q1"
1.89998012203636,0.0142267097307579,-0.970000770465164,-1.18511379304485,-0.351919146802138,-0.590528091955221,-0.143963943651972,-0.187005546112676,-0.258900127588834,-0.19576388833046,-0.13821875077846,-0.00267132143063795,-0.0302653945357646,-0.00245119226165747,4.10257527628979e-16,"flask","dev_flask_04",2024-03-11,8,4445,1624,8,6069,0.365354330708661,758.625,1,268.384666666667,69.6889110724284,0.267589388696655,1.99,0,2.19722457733622,2.19722457733622,3,"Normal feature development",1,2024-03-01,"2024 Q1"
1.21887825014071,0.343374752833395,-0.193852765814995,-0.334989724717782,-0.90486549687764,0.449154161854014,0.00198903363561751,0.0294876526340943,-0.234738179738485,0.0372069375036049,-0.0961425196111504,0.017899827920018,0.0806027646914578,-0.00306687661438332,6.57051372036336e-17,"flask","dev_flask_04",2024-04-29,8,3236,1438,10,4674,0.444375772558714,584.25,1.25,271.092,67.5998755337823,0.307659392383398,3.19,0,2.39789527279837,2.19722457733622,3,"Normal feature development",NA,2024-04-01,"2024 Q2"
2.39354156323704,-2.35239796946769,-0.370383105258516,0.594499364133064,-0.302495255176137,-0.506595689694869,0.324324764535187,0.254034522617176,-0.12544198181066,-0.0612298585353064,-0.0262259902277337,-0.0167717953041831,-0.00810315428417786,-0.00320642457292853,6.26317429885862e-16,"flask","dev_flask_04",2024-05-06,8,4152,1682,3,5834,0.405105973025048,729.25,0.375,1082.207,69.3730363577652,0.28830990743915,3.71,0,1.38629436111989,2.19722457733622,2,"High-intensity burst",1,2024-05-01,"2024 Q2"
1.51023125796372,-0.998879726476336,-0.590511065203056,0.162102403894537,-0.767955731312836,0.300360288741283,0.0176628433097018,-0.0556034366508552,-0.389273695491179,-0.0447660177825978,-0.122919513946621,0.0294952159810958,0.0544161199865288,-0.00496326735050757,3.34890402424415e-16,"flask","dev_flask_04",2024-05-13,8,3560,1381,6,4941,0.387921348314607,617.625,0.75,527.981142857143,68.0442030923884,0.279498077312285,3.74,0,1.94591014905531,2.19722457733622,2,"High-intensity burst",NA,2024-05-01,"2024 Q2"
1.92097882616381,0.784140191176552,-1.13683271890789,0.368671640860848,-0.873716996026011,0.0955426009382969,-0.248271001866557,-0.0157215270835426,-0.155893302017964,-0.207652733669366,-0.0209951374510859,-0.0323162677836012,0.0123403778373612,-0.00290431586771917,3.19332332417548e-16,"flask","dev_flask_04",2024-05-20,8,4333,1559,12,5892,0.35979690745442,736.5,1.5,346.268307692308,69.4521638787033,0.26459606245757,3.82,0,2.56494935746154,2.19722457733622,3,"Normal feature development",NA,2024-05-01,"2024 Q2"
1.77725458743121,1.28997929546295,-0.0131548655468365,-0.500807101335818,-0.727386982524208,-0.0915945264253662,-0.13281693346593,0.0305015792039682,0.0440354800801937,0.0596188643528244,-0.00395656249401313,-0.0167484264045606,0.00422817467642244,-0.0024588327506751,1.45063790919937e-16,"flask","dev_flask_04",2024-06-03,8,3793,1839,13,5632,0.484840495649881,704,1.625,220.452571428571,69.0911795111577,0.326526988636364,2.74,0,2.63905732961526,2.19722457733622,3,"Normal feature development",NA,2024-06-01,"2024 Q2"
0.500461931324153,-2.35295486196142,-0.127918936725908,1.64262726914002,-0.0980502645301099,-0.537532877097651,-0.580335490556816,0.30416466020685,-0.0626293071251342,0.0153593850715299,0.00446831381275984,0.0115805783869741,0.0269987142083076,-0.000964053117780443,2.79473216093156e-16,"flask","dev_flask_04",2024-06-17,5,2711,1161,3,3872,0.428255256362966,774.4,0.6,917.664,41.3089233975738,0.299845041322314,4.74,0,1.38629436111989,1.79175946922805,2,"High-intensity burst",1,2024-06-01,"2024 Q2"
0.125796424361639,-1.66659005030132,-1.01824646213536,-0.375579649469401,-0.289060154217691,-0.15480348200963,-0.208705585028369,0.0482560138740401,-0.356620325308053,-0.0683863461705425,-0.002775977323526,0.0223659172279961,-0.0350863561773515,-0.00845187400602049,3.04680710054113e-16,"flask","dev_flask_04",2024-06-24,6,2810,919,4,3729,0.327046263345196,621.5,0.666666666666667,435.5472,49.3449810758272,0.246446768570662,2.92,0,1.6094379124341,1.94591014905531,2,"High-intensity burst",1,2024-06-01,"2024 Q2"
1.23500998085357,1.6580395063867,-1.49195460761112,0.998555889712805,-0.438097619477157,-0.733369291977468,-0.797093256257032,0.196790224060591,-0.00967091836906385,-0.270202609511339,0.139069377651264,-0.0213180465213268,-0.0501266012935707,0.0100377217304073,9.96367894995203e-17,"flask","dev_flask_05",2024-01-01,6,4205,1425,15,5630,0.338882282996433,938.333333333333,2.5,279.38875,51.8162539515277,0.253108348134991,3.97,0,2.77258872223978,1.94591014905531,3,"Normal feature development",1,2024-01-01,"2024 Q1"
0.581291616375632,1.61816939456122,-0.755992365732418,0.857179085624569,-1.20874908924295,0.800507420020998,-0.156781750433768,0.331710660938517,-0.0411190367005394,-0.0241671771434124,0.212290924241821,-0.0795436761825511,0.0420302691729296,-0.00448012805914297,-2.36888154996707e-16,"flask","dev_flask_05",2024-01-08,7,2955,1176,16,4131,0.397969543147208,590.142857142857,2.28571428571429,213.354,58.2856178116767,0.284676833696442,4.39,0,2.83321334405622,2.07944154167984,3,"Normal feature development",NA,2024-01-01,"2024 Q1"
1.4921829316841,1.63861986054991,-0.705280109779846,0.567470514420882,-0.729544416848341,-0.194200708873347,-0.459277545255148,0.143264532868992,0.0672998047064192,-0.0778969200518696,0.115777835536667,-0.0638132318621014,-0.0376186170765388,0.0012280754302196,6.01213404361093e-17,"flask","dev_flask_05",2024-01-15,7,3930,1638,15,5568,0.416793893129771,795.428571428571,2.14285714285714,261.696,60.3747954851277,0.294181034482759,3.76,0,2.77258872223978,2.07944154167984,3,"Normal feature development",1,2024-01-01,"2024 Q1"
3.17319500767653,2.07192296765151,0.178158744256045,0.187546729619458,1.05100380205737,1.90061893518656,0.214576474993842,-0.131658124415643,0.0775866639707417,0.154257169552535,0.194816632786258,-0.0329660499062619,0.138371306930748,-0.00347236554694944,9.75331430021045e-17,"flask","dev_flask_05",2024-01-22,10,4269,2249,16,6518,0.526821269618178,651.8,1.6,284.491529411765,87.8247626892454,0.345044492175514,3.71,1,2.83321334405622,2.39789527279837,3,"Normal feature development",NA,2024-01-01,"2024 Q1"
2.11148147961659,1.11339402494509,-0.942057429078188,0.790493082058375,-1.36199768374546,0.849704955180016,-0.0280809804970095,0.0158781343753324,-0.193603003650641,-0.11821484687852,0.115006775099279,-0.0436138317398919,0.128510929837045,-0.00425242598834426,6.98101441607178e-17,"flask","dev_flask_05",2024-01-29,9,4118,1570,14,5688,0.381253035454104,632,1.55555555555556,347.3472,77.8166078827558,0.276019690576653,4.58,0,2.70805020110221,2.30258509299405,3,"Normal feature development",NA,2024-01-01,"2024 Q1"
2.26711521846384,1.52201053505939,-0.482439282856542,-1.83311971724318,-0.968845845248949,0.258568410758657,0.49411677348316,0.0860757823307251,-0.0908614128698844,-0.0247813302286069,0.099682357314633,-0.0118430754857591,0.206202444495903,-0.00303863320193043,-4.63790833945491e-17,"flask","dev_flask_05",2024-02-05,10,4154,1779,14,5933,0.428261916225325,593.3,1.4,120.242133333333,86.8845380085077,0.299848306084611,1.52,0,2.70805020110221,2.39789527279837,3,"Normal feature development",NA,2024-02-01,"2024 Q1"
1.45609726025455,1.72645803325211,-0.987163923111566,-0.94663019839385,-1.17363513236435,0.659905543569065,0.383171329759597,0.380236603956332,-0.0725441172036188,-0.0998622025345214,0.225126227758315,-0.045548940281028,0.182670750553039,-0.00142528520538764,-2.87583827535172e-16,"flask","dev_flask_05",2024-02-19,9,3630,1352,16,4982,0.372451790633609,553.555555555556,1.77777777777778,145.943294117647,76.6240865845326,0.271376957045363,2.49,0,2.83321334405622,2.30258509299405,3,"Normal feature development",1,2024-02-01,"2024 Q1"
1.59205329062545,-0.689334569344044,-0.0368985519933717,1.38999803624378,-0.696965107006091,0.0692534075513656,-0.471099393227611,-0.0661701959487066,-0.1715145830338,0.0392271594774141,-0.187938432264843,0.033643692727567,-0.0127818519199253,-0.00187099100067949,4.33416408443469e-16,"flask","dev_flask_05",2024-03-04,7,3511,1623,7,5134,0.462261463970379,733.428571428571,1,627.6315,59.8068458565386,0.316127775613557,4.89,0,2.07944154167984,2.07944154167984,2,"High-intensity burst",NA,2024-03-01,"2024 Q1"
2.54183048003673,-2.61993635003776,1.42674634981225,0.156408814796988,-0.0404041586770921,-0.827297889311127,0.469744523422496,0.246464414423514,0.117751925479355,0.290996185141977,0.126975639798278,0.0457590308072586,-0.0745685761193749,-0.00440745781927114,5.87615880036105e-16,"flask","dev_flask_05",2024-04-08,8,3546,2161,2,5707,0.609419063733785,713.375,0.25,1156.61866666667,69.1969918287738,0.378657788680568,3.04,0,1.09861228866811,2.19722457733622,2,"High-intensity burst",1,2024-04-01,"2024 Q2"
1.01362303510737,0.515833934961694,0.25221089201476,-0.355679271540391,-0.574107968833705,-0.0907968176388408,-0.273752669585098,0.0241478550804252,-0.0684469812698375,0.0828075247685569,-0.130911751959358,0.0207972467157184,-0.00527999352397641,-0.00381977318956988,1.42008127618879e-16,"flask","dev_flask_05",2024-04-15,7,3132,1570,10,4702,0.501277139208174,671.714285714286,1.42857142857143,247.068727272727,59.1916911736153,0.333900467886006,2.89,0,2.39789527279837,2.07944154167984,3,"Normal feature development",2,2024-04-01,"2024 Q2"
0.955904117295165,0.459723803852807,-0.358860273697024,-0.475901588545713,-0.562115171487239,-0.118688585398611,-0.238346349936443,0.0605835482422111,-0.126268692148868,-0.0108608461648432,-0.121526193665195,0.00704798056885794,7.78435293661168e-05,-0.00401783182285667,1.27772080232825e-16,"flask","dev_flask_05",2024-04-22,7,3317,1427,10,4744,0.430208019294543,677.714285714286,1.42857142857143,238.062545454545,59.2539269773082,0.300801011804385,2.76,0,2.39789527279837,2.07944154167984,3,"Normal feature development",NA,2024-04-01,"2024 Q2"
1.95780201937684,-0.922383754269837,-0.571687239060115,0.15949492750276,-0.589460611056653,-0.109587703825708,-0.0813523546973266,-0.109168442588737,-0.292667487290984,-0.0769828270758179,-0.149584000933694,0.0161182912917502,0.00670920952668923,-0.00391488662579748,5.69212170463342e-16,"flask","dev_flask_05",2024-05-06,8,4036,1603,6,5639,0.397175421209118,704.875,0.75,576.789142857143,69.1011147559368,0.284270260684519,3.58,0,1.94591014905531,2.19722457733622,2,"High-intensity burst",1,2024-05-01,"2024 Q2"
3.1562105818013,-0.806987506782956,0.271368175204733,0.300983717467022,-0.557200373095727,-0.380982986638867,0.0245924551670477,-0.302094787145763,-0.0765088177044922,0.12009911515431,-0.198481993878999,0.0463110536119267,-0.0399112768366291,-0.000764303048650924,6.82940208819505e-16,"flask","dev_flask_05",2024-05-13,9,4605,2309,6,6914,0.501411509229099,768.222222222222,0.666666666666667,721.031428571428,79.5730341968897,0.333960080995082,3.65,0,1.94591014905531,2.30258509299405,2,"High-intensity burst",NA,2024-05-01,"2024 Q2"
1.26657933657599,-3.80065812390037,-0.472713313359837,1.02098840766619,2.05828644643974,1.28146235073477,1.031924028371,0.914677150193674,-0.0894522708547846,0.0202960285345884,0.417247374060763,-0.111926897605454,0.0371380110670324,-0.00390920635216714,-1.92419380103775e-17,"flask","dev_flask_05",2024-06-03,7,2686,981,1,3667,0.365227103499628,523.857142857143,0.142857142857143,1444.798,57.4518128336345,0.267521134442323,3.94,1,0.693147180559945,2.07944154167984,2,"High-intensity burst",NA,2024-06-01,"2024 Q2"
1.41591955891001,1.34413984264783,0.925870055441524,0.429253716645957,1.17761896098133,2.15154237592665,0.0195499289316165,0.0630211341843918,-0.0776306435479233,0.165329345470174,0.0125459768212699,0.0251749727217332,0.100461968607252,-0.00116348576499008,-1.82544413551196e-16,"flask","dev_flask_05",2024-06-17,8,2721,1623,13,4344,0.596471885336273,543,1.625,245.125714285714,67.0142483015959,0.373618784530387,3.95,1,2.63905732961526,2.19722457733622,3,"Normal feature development",NA,2024-06-01,"2024 Q2"
1.15332378421443,-2.32295581098662,0.365567319952911,0.421646966214407,-0.774983362597148,0.612804289869232,0.401910976317417,0.149595267492904,-0.430671252927986,0.143913341615741,0.0785614469012335,-0.00174350712638287,0.0993315817218114,0.00173704606524276,9.96007907178553e-17,"flask","dev_flask_07",2024-01-01,8,2666,1254,3,3920,0.470367591897975,490,0.375,793.8,66.1928160183386,0.319897959183673,4.05,0,1.38629436111989,2.19722457733622,2,"High-intensity burst",NA,2024-01-01,"2024 Q1"
1.43423585874708,1.0018837113633,0.853489956496241,-1.96324649703691,1.9039703008113,1.07397031650176,0.226060927658802,-0.0031645440199255,-0.0544006731143603,0.161140382431863,-0.141875158407769,0.0584281310695156,0.0422447462965084,-0.0035125383506869,-4.22353410824417e-17,"flask","dev_flask_07",2024-02-26,8,3034,1754,10,4788,0.57811470006592,598.5,1.25,87.9250909090909,67.7926152027409,0.366332497911445,1.01,1,2.39789527279837,2.19722457733622,3,"Normal feature development",NA,2024-02-01,"2024 Q1"
3.00975535208198,-1.08263842815317,-0.641499071160813,-1.6451763557712,1.92126442658387,0.940395738646384,0.578399741541169,-0.508863982833687,-0.583458680072989,-0.0934208131490803,0.0252310520550454,-0.0226946750411024,0.082474391695008,-0.00699058203881209,5.98261198683415e-16,"flask","dev_flask_07",2024-03-04,10,4727,1839,4,6566,0.389041675481278,656.6,0.4,433.356,87.8981238619097,0.280079195857447,1.65,1,1.6094379124341,2.39789527279837,2,"High-intensity burst",NA,2024-03-01,"2024 Q1"
0.435660578960272,0.602996510610491,1.48671748570743,-1.75855959238155,-0.806612815541843,0.569310734084649,0.36229919870072,0.245978508770948,-0.141099966460541,0.145036885306806,-0.103576601993783,0.0898485148654364,0.143566313999426,0.00890565873527939,-4.15093430919968e-16,"flask","dev_flask_07",2024-04-01,8,2102,1339,10,3441,0.637012369172217,430.125,1.25,98.8505454545455,65.1504638141719,0.389131066550421,1.58,0,2.39789527279837,2.19722457733622,3,"Normal feature development",2,2024-04-01,"2024 Q2"
3.02288109455445,-2.62802195203245,3.56680421293679,0.176572817044384,-0.857941963221438,0.617695766145391,1.28698670141732,0.177904697912497,-0.196964262377332,0.42948230455475,0.299418188191016,0.458604740615941,0.265662892188239,0.0053991302922631,-9.05120053562255e-17,"flask","dev_flask_07",2024-05-13,11,2566,2272,2,4838,0.885424785658613,439.818181818182,0.181818181818182,1186.92266666667,93.3290970347265,0.469615543613063,3.68,0,1.09861228866811,2.484906649788,2,"High-intensity burst",1,2024-05-01,"2024 Q2"
0.654118614229322,0.415254973386973,-0.0821429578211075,-0.44632576485227,-0.696414047239169,0.194188975927837,-0.138049851063623,0.107907099476964,-0.146506690539193,0.0420315696911911,-0.118187578210067,0.00628507469347829,0.0281703475005281,-0.00434793507845146,4.3715847459789e-17,"flask","dev_flask_08",2024-01-22,7,2900,1323,10,4223,0.456206896551724,603.285714285714,1.42857142857143,221.899454545455,58.4397647777027,0.313284394979872,2.89,0,2.39789527279837,2.07944154167984,3,"Normal feature development",NA,2024-01-01,"2024 Q1"
-0.0460505609844683,-2.4034271540396,1.60149932844312,-0.5677525017979,-0.184646740191915,-0.0396507464267897,0.0180153942607844,0.0331095899785806,-0.237450666976588,0.159947294903413,0.272003736887473,-0.0868589316815781,-0.042722036797422,-0.00593647368677102,7.93461118884311e-17,"flask","dev_flask_08",2024-02-05,6,1861,1143,2,3004,0.614185921547555,500.666666666667,0.333333333333333,540.72,48.0481970818158,0.380492676431425,2.7,0,1.09861228866811,1.94591014905531,2,"High-intensity burst",1,2024-02-01,"2024 Q1"
4.43068341675438,-0.51974523604319,-1.18853769126339,0.973548161092546,-1.082191151837,0.11261043607024,0.39831168150837,-0.38109832661424,-0.220391402071384,-0.390407601240369,-0.18361492770146,-0.0520156908886212,0.116763073771239,-0.00548468076766252,5.78774547029554e-16,"flask","dev_flask_08",2024-02-12,11,6230,2214,8,8444,0.3553772070626,767.636363636364,0.727272727272727,872.546666666667,99.4546281216609,0.262198010421601,4.65,0,2.19722457733622,2.484906649788,2,"High-intensity burst",1,2024-02-01,"2024 Q1"
0.741893632050485,0.190261147267569,-2.3315136050193,-0.623251402207298,-1.39501039916187,1.32467818635946,0.486681893846157,0.275073381804328,-0.582044589359162,-0.275438665624336,0.0745407835261276,0.203129520431487,0.210553395015668,0.00593654335016847,-2.44436759342185e-16,"flask","dev_flask_08",2024-02-26,9,3231,686,11,3917,0.212318167749923,435.222222222222,1.22222222222222,212.823666666667,74.4600293865404,0.175134031146285,3.26,0,2.484906649788,2.30258509299405,3,"Normal feature development",NA,2024-02-01,"2024 Q1"
0.344842927566268,1.34844074528098,-1.18283428451434,-1.10444561071775,-0.722025890868952,0.133670214321452,0.150695680810878,0.464483728237422,-0.0231220142007172,-0.120300736630429,0.0640086549910289,-0.0183531013021747,0.0337728036755123,-0.00562518069417721,-1.84724721643279e-16,"flask","dev_flask_08",2024-03-25,7,3074,1055,14,4129,0.34320104098894,589.857142857143,2,110.106666666667,58.2822288016856,0.25550980867038,2,0,2.70805020110221,2.07944154167984,3,"Normal feature development",1,2024-03-01,"2024 Q1"
3.5175284765307,-0.412983242960815,0.771977217018787,-0.339567116563845,-1.02352620596141,0.37088630804384,0.505768162201532,-0.467690625523634,-0.264899033395807,0.277848550690838,-0.126362649342403,0.144440599729069,0.18957698212816,-0.00576870875674346,4.48993556485687e-16,"flask","dev_flask_08",2024-04-08,11,4352,2426,7,6778,0.557444852941177,616.181818181818,0.636363636363636,571.0465,97.0374336517406,0.35792269105931,3.37,0,2.07944154167984,2.484906649788,2,"High-intensity burst",1,2024-04-01,"2024 Q2"
0.998931647475265,0.786652856540065,1.52893316667489,0.395904412245634,-0.814953614902559,0.315944432495075,-0.348079875826518,-0.011118876236212,0.0348477319481089,0.191467879820498,-0.084147987504627,0.0964182631242119,-0.0119857600446822,-0.0061740842517334,9.66697819822995e-17,"flask","dev_flask_08",2024-04-29,7,2621,1739,11,4360,0.663487218618848,622.857142857143,1.57142857142857,276.86,58.6631966748994,0.398853211009174,3.81,0,2.484906649788,2.07944154167984,3,"Normal feature development",2,2024-04-01,"2024 Q2"
3.95337479492275,-2.23745886490108,3.13357503641917,0.988701878271324,-0.857167360487693,0.302451288103972,1.11632416938167,0.0868803449257576,0.154009254205223,0.559080266238204,0.00486262206785186,0.46784286487495,0.144290958066014,-0.00944081497364716,3.62061131612068e-16,"flask","dev_flask_08",2024-06-24,11,3362,2829,3,6191,0.841463414634146,562.818181818182,0.272727272727273,1358.9245,96.0411475679652,0.456953642384106,4.39,0,1.38629436111989,2.484906649788,2,"High-intensity burst",NA,2024-06-01,"2024 Q2"
